{
  "project_info": {
    "project_number": "776101527492",
    "project_id": "flutterapp-8788b",
    "storage_bucket": "flutterapp-8788b.appspot.com"
  },
  "client": [
    {
      "client_info": {
        "mobilesdk_app_id": "1:776101527492:android:71142073434207f854ae91",
        "android_client_info": {
          "package_name": "com.atasozu.bau"
        }
      },
      "oauth_client": [],
      "api_key": [
        {
          "current_key": "AIzaSyDawbCPTMePqGdiYo5ZozGUzTtKRwMiz3s"
        }
      ],
      "services": {
        "appinvite_service": {
          "other_platform_oauth_client": []
        }
      }
    },
    {
      "client_info": {
        "mobilesdk_app_id": "1:776101527492:android:2387c0c91aed70b154ae91",
        "android_client_info": {
          "package_name": "com.example.test1"
        }
      },
      "oauth_client": [],
      "api_key": [
        {
          "current_key": "AIzaSyDawbCPTMePqGdiYo5ZozGUzTtKRwMiz3s"
        }
      ],
      "services": {
        "appinvite_service": {
          "other_platform_oauth_client": []
        }
      }
    }
  ],
  "configuration_version": "1"
}